german,russian,
bitten,просить                               ,общая лексика
fahren,ехать,путешествия
frieren,мерзнуть,общая лексика
sehr,очень,общая лексика
sitzen,сидеть,общая лексика
sie,она,общая лексика
Sie,вы,общая лексика
studieren,учиться,общая лексика
tanzen,танцевать,трудовая деятельность
wandern,гулять,путешествия
wir,мы,общая лексика
bitten,просить,общая лексика
und,и,общая лексика
der Arzt,врач,трудовая деятельность
der Bruder,брат,семья
warten Sie da,ждите здесь,общая лексика
die Suppe,суп,продукты
der Katze,кот,общая лексика
das Fenster,окно,общая лексика
fragen,спрашивать,общая лексика
gehen,идти,общая лексика
da,здесь,общая лексика
gern,охотно,общая лексика
gut,хорошо,общая лексика
immer,всегда,общая лексика
das Kind,ребенок,семья
der Mann,мужчина,семья
die Mutter,мать,семья
nah [na:],близко,общая лексика
sagen,сказать,общая лексика
die Schwester,сестра,семья
stehen,стоять,общая лексика
die Tante,тетя,семья
der Tisch,стол,жилье
unten,внизу,общая лексика
die Vase,ваза,жилье
der Vater,отец,семья
warten,ждать,общая лексика
das Zimmer,комната,жилье
zusammen,вместе,общая лексика
er fragt,он спрашивает,общая лексика
es sagt,оно говорит,общая лексика
diser,этот,общая лексика
antworten,отвечать,общая лексика
bestimmt,конечно,общая лексика
dort und hier,там и здесь,общая лексика
das Gespräch,разговор,языки
jetzt und immer,теперь и всегда,общая лексика
kommen,приходить,общая лексика
das Geld,деньги,покупки
ich [ç],я,общая лексика
ihr,вы,общая лексика
mehr als Geld,больше чем деньги,покупки
oben,наверху,общая лексика
oft,часто,общая лексика
rechnen [ç],считать,общая лексика
rufen,звать,общая лексика
der Sohn,сын,семья
die Straße,улица,город
suchen [x],искать,общая лексика
morgen,завтра,время
noch Bier,еще пива,общая лексика
oder dieser oder jener,или этот или тот,общая лексика
rechts [ç],справа,общая лексика
schon,уже,общая лексика
der Tag,день,время
die Tochter,дочь,семья
vier,четыре,общая лексика
wohnen,жить,общая лексика
der Besuch,гости,гости
richtig,правильно,общая лексика
wir gehen zu Besuch,мы идем в гости,гости
er fragt nicht mehr,он больше не спрашивает,общая лексика
er kommt nach Odessa,он едет в Одессу,путешествия
die Arbeit,работа,трудовая деятельность
arbeiten,работать,трудовая деятельность
auch,также,общая лексика
die Aufgabe,задание,город
bald,скоро,общая лексика
bereit,готов,общая лексика
bitte,пожалуйста,общая лексика
bleiben,оставаться,общая лексика
das Buch,книга,образование
denn,разве,общая лексика
doch,ведь,общая лексика
drei,три,общая лексика
faul,ленивый,общая лексика
fertig,готов,общая лексика
fleißig,прилежный,общая лексика
die Frau,женщина,семья
froh,радостный,общая лексика
ganz,совсем,общая лексика
groß,большой,общая лексика
das Haus,дом,жилье
das Heft,тетрадь,покупки
die Karte,карта,покупки
lächeln [ç],улыбаться,общая лексика
leicht [ç],легко,общая лексика
der Lehrer,учитель,образование
lernen,учить,образование
machen,делать,общая лексика
die Mappe,портфель,покупки
rot,красный,общая лексика
nein,нет,общая лексика
die Regel,правило,образование
schreiben,писать,общая лексика
schwer,трудный,общая лексика
die Uhr,часы,время
der Unterricht,занятия,образование
viel,много,общая лексика
welt,далеко,общая лексика
wenig,мало,общая лексика
wieder,опять,общая лексика
wiederholen,повторять,общая лексика
wirklich,действительно,общая лексика
wissen,знать,общая лексика
zeigen,показывать,общая лексика
zwei,два,общая лексика
bis morgen,до завтра,время
bis bald,до скорой встречи,время
das stimmt,это так,общая лексика
gar nicht,совсем нет,общая лексика
zufrieden sein,быть довольным,общая лексика
zu Ende sein,заканчиваться,общая лексика
also,итак,общая лексика
alt,старый,общая лексика
dick,толстый,общая лексика
dünn,тонкий,общая лексика
erst [st],лишь только,общая лексика
finden,находить,общая лексика
der Freund,друг,семья
die Freundschaft,дружба,семья
früh,рано,время
frühstücken,завтракать,питание
fünf,пять,общая лексика
das Glück,счастье,общая лексика
grüßen,здороваться,общая лексика
gewöhnlich,обычно,общая лексика
heißen,называть,общая лексика
heute,сегодня,время
höflich,вежливый,общая лексика
hören,слышать,общая лексика
kennen,знать,общая лексика
klein,маленький,общая лексика
leider,к сожалению,общая лексика
der Morgen,утро,время
natürlich,конечно,общая лексика
neu,новый,общая лексика
nur [nu:r],только (всего лишь),общая лексика
öffnen,открывать,общая лексика
plötzlich,вдруг,общая лексика
prüfen,проверять,общая лексика
der Satz,предложение,общая лексика
schade,жаль,общая лексика
schon schön,уже красивый,общая лексика
die Schülerin,ученица,образование
die Sprache,язык,языки
stören,мешать,общая лексика
die Tür,дверь,покупки
üben,упражняться,образование
die Übung,упражнение,образование
übersetzen,переводить,образование
weiter,дальше,общая лексика
das Wort,слово,общая лексика
die Zeit,время,время
am Morgen,утром,общая лексика
die Adrésse,адрес,город
das `Anfang,начало,общая лексика
die Antwórt,ответ,общая лексика
aufstehen,вставать,общая лексика
bemerken,замечать,общая лексика
besuchen,посещать,общая лексика
brauchen [x],нуждаться,общая лексика
das Brief,письмо,общая лексика
danken,благодарить,общая лексика
durchsehen,просматривать,общая лексика
eintreten,входить,общая лексика
erhalten,получать,общая лексика
die Familie [-liэ],семья,семья
der Fehler,ошибка,общая лексика
geben,давать,общая лексика
gefallen,нравиться,общая лексика
gerade,как раз,общая лексика
halten,"держать, останавливаться",общая лексика
helfen,помогать,общая лексика
die Hilfe,помощь,общая лексика
jemand,кто-то,общая лексика
klingeln [носовой],звонить,общая лексика
korrigiren,исправлять,общая лексика
lang,длинный,общая лексика
lange,долго,общая лексика
lassen,оставлять,общая лексика
laufen,бежать,общая лексика
lesen,читать,общая лексика
manchmal [ç],иногда,общая лексика
mitfahren,ехать вместе с,общая лексика
mitgeben,давать с собой,общая лексика
nehmen,брать,общая лексика
ruhig,спокойный,общая лексика
sehen-sehe-siehst,видеть,общая лексика
selbständig [-p-ш],самостоятельно,общая лексика
sofórt,"сейчас, сию минуту",общая лексика
schlafen,спать,общая лексика
die Schule,школа,образование
verstehen,понимать,общая лексика
vieles,многое,общая лексика
vielleicht,"возможно, может быть",общая лексика
vorlesen [`фо-],читать вслух,общая лексика
wohèr,откуда,общая лексика
zuèrst [-st],сначала,общая лексика
noch einmal,еще раз,общая лексика
aufs Land fahren,ехать за город,путешествия
beschäftigt sein [bəˈʃɛftɪçt],быть занятым,общая лексика
sechs  [zɛks],6,общая лексика
sieben,7,общая лексика
wir haben jetzt wirklich viel zu tun,мы сейчас действительно очень заняты,общая лексика
am Nachmittag,во второй половине дня,время
warte mal,подожди-ка,общая лексика
aussehen,выглядеть,общая лексика
das Beispiel,пример,общая лексика
besonders der Bison  [ˈbiː-],особенно бизон,общая лексика
der Besucher,посетитель,общая лексика
die Bibliothek [biblioˈteːk],библиотека,образование
dabei,при этом,общая лексика
Eltern,родители,семья
einige Bücher [ˈaɪ̯nɪɡə],некоторые книги,общая лексика
das Fach - Fächer,"предмет, специальность",образование
der Fàchmann,специалист,образование
die Hàusàufgabe,домашнее задание,образование
der Hörsaal,лекционный зал,образование
das Jahr,год,время
der Junge,юноша,семья
kaufen,покупать,покупки
der Kugelschreiber,шариковая ручка,общая лексика
lächeln/lachen,улыбаться/смеяться,общая лексика
das Land - Länder,страна,путешествия
der Märts,март,общая лексика
dauern,"длиться, продолжаться",время
zwölf,12,общая лексика
so heißt eben,вот именно так и называется,общая лексика
bringen [ˈbʁɪŋən],приносить,общая лексика
bis,до,общая лексика
éinfach,просто,общая лексика
zu,к,общая лексика
die Fart,поездка,путешествия
das Lehrbuch,учебник,образование
modérn,современный,общая лексика
nennen,называть,общая лексика
nehmen,брать,общая лексика
aus,из,общая лексика
der November,ноябрь,время
der Oktober,октябрь,время
der Platz,площадь,город
der Füller,авторучка,общая лексика
elf,11,общая лексика
das Bücherregal,книжная полка,образование
die Erzälung,рассказ,образование
die Fremdsprache,иностранный язык,языки
das Mädchen [ˈmɛːtçən],девочка,семья
die Novelle,новелла,образование
vergessen,забывать,общая лексика
nach,после,общая лексика
der Vórtrag,доклад,трудовая деятельность
tausend  [ˈtaʊ̯zn̩t],тысяча,общая лексика
der Bücherschrank  [-ŋk],книжный шкаф,жилье
entlang,вдоль,общая лексика
der Raum - Räume,помещение,жилье
der Sónntag,воскресенье,время
seit,в течение,время
das Studium,учеба,образование
überall,повсюду,общая лексика
bekommen,получать,общая лексика
die Stadt - Städte [ʃtat],город,город
um,"вокруг, около",общая лексика
überhaupt,вообще,общая лексика
die Woche [-x-],неделя,время
die Stunde,урок,образование
unterrichten,преподавать,образование
mit,"с, вместе",общая лексика
voll,полный,общая лексика
vórbereiten,готовить,общая лексика
außer,кроме,общая лексика
die Vórlesung,лекция,образование
befinden sich,находиться,общая лексика
wichtig,важно,общая лексика
das Wörterbuch,словарь,образование
ànders,иначе,общая лексика
die Zeitung,газета,сми
von,от,общая лексика
beschäftigen sich,заниматься,общая лексика
der Arbeiter [àr-],рабочий,трудовая деятельность
der Arbeitstag,рабочий день,трудовая деятельность
die Zeitschrift,журнал,сми
gegenüber,напртив,общая лексика
zurückkehren,возвращаться,общая лексика
bei,"у, при",общая лексика
einen Vortrag halten,читать доклад,общая лексика
Anfang Septémber,в начале сентября,время
durch,через,общая лексика
Ende Oktober,в конце октября,время
Mitte November,в середине ноября,время
für,для,общая лексика
abends [-ts],вечером,время
ohne,без,общая лексика
gegen,против,общая лексика
unbedingt,непременно,общая лексика
Das ist viel zu früh,это слишком рано,время
das schon,это так,общая лексика
aber ich bitte Sie!,Да что вы! (Помилуйте),общая лексика
das Abendessen,ужин,питание
das Abendbrot,ужин,питание
aufbleiben,не ложиться спать,общая лексика
ausruhen,отдыхать,общая лексика
beginnen,начинать,общая лексика
der Beruf,профессия,образование
éinkaufen,делть покупки,покупки
aussteigen [-ʃtaɪ̯ɡn̩],выходить,общая лексика
ànziehen sich,одеваться,общая лексика
der Betrieb,предприятие,трудовая деятельность
gerade,как раз,общая лексика
manchmal [ç],иногда,время
erholen sich,отдыхать,общая лексика
das Essen,еда,общая лексика
erwachen [-xn],просыпаться,общая лексика
der Fernstudent,студент-заочник,образование
fréitags [-ks],по пятницам,время
frühmorgens,ранним утром,время
genau,точно,общая лексика
gesund [-t],здоровый,общая лексика
sorgen,заботиться,общая лексика
das Mittagessen -[k-],обед,питание
mittwochs [`mitvoxs],по средам,время
wérktags,по рабочим дням,время
éinschlafen,засыпать,общая лексика
móntags,по понедельникам,время
die Nacht - Nächte,ночь,время
nie,никогда,время
sicher [`zi-],наверняка,общая лексика
der Plan - Pläne,план,общая лексика
erzählen,рассказывать,общая лексика
den Bus nehmen,ехать на автобусе,общая лексика
planen,планировать,общая лексика
pünktlich,точно,общая лексика
rasieren sich,бриться,общая лексика
der Schlaf,сон,общая лексика
zwischen,между,общая лексика
schnell,быстро,общая лексика
sonnàbends,по субботам,время
sonntags,по воскресеньям,общая лексика
der Tagesplan,расписание,трудовая деятельность
die Pause,перерыв,трудовая деятельность
turnen,заниматься гимнастикой,образование
das Bett,кровать,жилье
ùmsteigen,делать пересадку,путешествия
waschen sich,мыться,жилье
auf,на,общая лексика
wieviel [`vi:-],сколько,общая лексика
um diese Zeit,в это время,время
die Zähne putzen,чистить зубы,жилье
kämmen sich,причесываться,жилье
den Haushalt besorgen,вести хозяйство,жилье
hinter,позади,общая лексика
den Tisch decken,накрывать на стол,общая лексика
den Tisch abräumen,убирать со стола,общая лексика
éinsteigen,входить (в тр-т),путешествия
zu Fuß gehen,идти пешком,путешествия
zu Abend essen,ужинать,общая лексика
neben,около,общая лексика
vor,перед,общая лексика
allein,один,общая лексика
die Decke,потолок,жилье
der `Eßtisch,обеденный стол,жилье
der `Fußboden,пол,жилье
sauber,чистый,жилье
das Stóckwerk,этаж,жилье
die Wand - Wände,стена,жилье
das Bad - Bäder,ванная комната,жилье
der Fàhrstul ~stüle,лифт,жилье
hängen,висеть,жилье
die Küche,кухня,жилье
der Kühlschrank,холодильник,жилье
die Tasse,чашка,жилье
trinken,пить,общая лексика
der Schreibtish,письменный стол,жилье
der Vórhang,"занавеска, штора",жилье
zugleich,одновременно,общая лексика
ànrufen,звонить по телефону,общая лексика
das Bild,картина,жилье
der Neubau,новостройка,жилье
die Nummer,номер,жилье
Möbel,мебель,жилье
kurz,короткий,общая лексика
legen,"класть, положить",общая лексика
der Gast - Gäste,гость,путешествия
die Ecke,угол,общая лексика
die Einrichtung,оборудование,трудовая деятельность
die Blume,цветок,общая лексика
der Sessel,кресло,жилье
stellen,ставить,общая лексика
vorbeikommen,проходить мимо,общая лексика
treten,входить,путешествия
die Wohnung,квартира,жилье
die Mitte ,середина,общая лексика
besichtigen,осматривать,общая лексика
bequém,"удобный, удобно",общая лексика
die Déckenleuchte,люстра,жилье
éigentlich,собственно говоря,общая лексика
das Esszimmer,столовая,жилье
freuen sich,радоваться,общая лексика
das Gebäude,здание,жилье
der Kàffee [`kafe:],кофе,продукты
sitzenbleiben,продолжать сидеть,общая лексика
der Teppich [ç],ковер,жилье
das Werk,произведение,трудовая деятельность
der Stuhl - Stühle,стул,жилье
das Schlafzimmer,спальня,жилье
hell,светлый,общая лексика
Geschwister,брат и сестра,семья
das Geschenk,подарок,общая лексика
gemütlich,"уютный, уютно",общая лексика
das Wiedersehen,встреча,общая лексика
Besuch haben,принимать гостей,общая лексика
einverstanden sein mit,быть согласным с,общая лексика
der Einbauschrank,стенной шкаф,жилье
dunkel,темный,общая лексика
schmutzig,грязный,общая лексика
amüsieren sich [-`zi:ren],развлекаться,общая лексика
bummeln,"гулять, бродить",общая лексика
der Fernseher,телевизор,покупки
der Fluß - Flüsse,река,общая лексика
die Gesundheit,здоровье,спорт
das Interesse,интерес,общая лексика
làngweilen sich,скучать,общая лексика
malen,рисовать,общая лексика
raten,советовать,общая лексика
es regnet,идет дождь,общая лексика
das Wochenende,уикенд,культурные мероприятия
der Zoo [tso:],зоопарк,культурные мероприятия
der Zirkus,цирк,культурные мероприятия
ändern,изменить,общая лексика
die Briefmarke,почтовая марка,покупки
éinladen,приглашать,общая лексика
Ferien,каникулы,культурные мероприятия
frei,свободный,общая лексика
hierhér,сюда,общая лексика
musizieren,музицировать,общая лексика
schwimmen,плавать,общая лексика
spielen,играть,общая лексика
reisen,путешествовать,общая лексика
verspréchen,обещать,общая лексика
treffen,встречать,общая лексика
ànsehen sich (дат.),смотреть,общая лексика
aufmerksam,внимательно,общая лексика
das Ausland,заграница,путешествия
ausschalten,выключать,общая лексика
die `Ausstellung,выставка,культурные мероприятия
baden,купаться,общая лексика
bàsteln [-st-],мастерить,общая лексика
der Baum - Bäume,дерево,общая лексика
der Chor [ko:r],хор,культурные мероприятия
draußen,снаружи,общая лексика
éinschalten,включать,общая лексика
die `Erholung,отдых,культурные мероприятия
die Frage,вопрос,общая лексика
die Freizeit,свободное время,культурные мероприятия
fühlen sich,чувствовать себя,общая лексика
géstern [-s-],вчера,в
die Héimat,родина,общая лексика
die Jahreszeit,время года,в
kalt,холодный,общая лексика
kennenlernen,познакомиться,культурные мероприятия
die Kinokarte [`ki-],билет в кино,покупки
kräftig,сильный,общая лексика
der Maler,художник,образование
die Möglichkeit,возможность,общая лексика
müde,усталый,общая лексика
die Natur,природа,общая лексика
offen,открытый,общая лексика
die Reise,путешествие,путешествия
sammeln,собирать,общая лексика
der Schauspieler,артист,образование
scheinen,светить,общая лексика
es schneit,идет снег,общая лексика
selbst,"сам, даже",общая лексика
singen,петь,общая лексика
der Sommersport [ш],летний спорт,спорт
die Sonne,солнце,общая лексика
sonnen,загорать,общая лексика
die Sportart [ш],вид спорта,спорт
das Stadion [ш],стадион,спорт
ständig,постоянный,общая лексика
täglich,ежедневно,в
der Theaterbesuch [teatr-],посещение театра,культурные мероприятия
das Theaterstück,пьеса,культурные мероприятия
der Tourist [tur`ist],турист,путешествия
der Urlaub [`urlaup],отпуск,путешествия
die `Erholungsheim,дом отдыха,культурные мероприятия
verbringen,проводить,общая лексика
das Vergnügen,удовольствие,общая лексика
verschieden,различный,общая лексика
`vorschlagen,предлагать,общая лексика
der Wald - Wälder[-t],лес,культурные мероприятия
warm,теплый,общая лексика
weiß,белый,общая лексика
das Wetter,погода,общая лексика
zelten,жить в палатках,путешествия
es gibt,имеется,общая лексика
Reisevorbereitungen treffen,готовится к отъезду,путешествия
Sport treiben,заниматься спортом,спорт
am Fluß,на берегу реки,путешествия
Boot fahren [bot],кататься на лодке,культурные мероприятия
Rad fahren,ездить на велосипеде,культурные мероприятия
wie bekannt,как известно,общая лексика
zu jeder Jahreszeit,во всякое время,в
auf dem Lande,за городом,путешествия
Schneeschuh laufen,бегать на лыжах,спорт
einen Ausflug machen,совершить экскурсию,культурные мероприятия
Schlittschuh laufen,бегать на коньках,спорт
auf Urlaub fahren,ухать в отпуск,путешествия
der Film läuft,фильм идет,культурные мероприятия
eine Karte besorgen,купить билет,покупки
geöffnet sein,быть открытым,общая лексика
Wie geht es Ihnen?,Как вы поживаете?,общая лексика
seit gestern,со вчерашнего дня,время
ab heute,с сегодняшнего дня,время
ab morgen,с завтрашнего дня,время
heiß,жарко,общая лексика
langsam,медленно,общая лексика
weltbekannt,всемирно известный,общая лексика
wieso,как это,общая лексика
der Passant -en,прохожий,общая лексика
nicht umsonst,не напрасно,общая лексика
der Aufbau,строительство,трудовая деятельность
der Bär -en,медведь,общая лексика
der Bahnhof -höfe,вокзал,город
bauen,строить,трудовая деятельность
das Bauwerk,строение,трудовая деятельность
das Kaufhaus -häuser,универмаг,покупки
begleiten,провожать,общая лексика
der Bezirk [be`tsirk],район,город
blau,синий,общая лексика
die Vergangenheit,прошлое,время
das Denkmal,памятник,культурные мероприятия
dorthin,туда,общая лексика
der Frieden,мир,путешествия
der Einwohner,житель,общая лексика
entstehen,возникать,общая лексика
die Sehenwürdigkeit,достопримечательность,культурные мероприятия
erheben sich,подниматься,общая лексика
erinnern [`er`inner],вспоминать,общая лексика
stattfinden,состояться,общая лексика
errichten,сооружать,общая лексика
die Fahne,флаг,общая лексика
die Grünanlage,сквер,город
die Fahrkarte,билет,покупки
breit,широкий,общая лексика
der Feiertag,праздник,культурные мероприятия
das Wohnviertel,жилой квартал,город
der Fernsehturm - türme,башня,город
der Werktätige,трудящийся,трудовая деятельность
die Freude,радость,общая лексика
wachsen,расти,общая лексика
friedlich,мирный,общая лексика
der Gedanke,мысль,общая лексика
das Glück,счастье,общая лексика
die Hauptstadt,столица,город
das Jahrhundert,столетие,время
jährlich,ежегодно,время
jung,молодой,общая лексика
kämpfen,бороться,общая лексика
der Krieg,война,общая лексика
das Licht,свет,общая лексика
rege,оживленный,общая лексика
riesengroß,колоссальный,общая лексика
herrschen,"господствовать, царить",общая лексика
schmücken,украшать,общая лексика
der Stadtrand -ränder,окраина,город
die Stadtrundfahrt,поездка по городу,город
stark,сильный,общая лексика
das Verkehrsmittel,транспортное средство,город
träumen,мечтать,общая лексика
verabschieden sich,прощаться,общая лексика
verändern sich,изменяться,общая лексика
das Geschäft,магазин,покупки
der Verkehr,движение,город
die Gegenwart,настоящее,общая лексика
verlaufen sich,заблудиться,общая лексика
das Volk -Völker,народ,общая лексика
der Wagen,машина,покупки
wirtschaftlich,хозяйственный,общая лексика
die Wissenschaft,наука,образование
die `Zukunft,будущее,общая лексика
zum ersten Mal,в первый раз,время
das freut mich,это меня радует,общая лексика
Wie komme ich zu +(dat),как мне пройти,общая лексика
um die Ecke biegen,повернуть за угол,общая лексика
die Fahrkarte lösen,купить билет,покупки
in Richtung zu,в направлении к,общая лексика
nach dem Krieg,после войны,общая лексика
...Meter hoch sein,иметь высоту ...,общая лексика
un Berlin herum,вокруг Берлина,общая лексика
von Anfang an,сначала,общая лексика
von Kindheit an,с детства,время
vor fünf Jahren,пять лет тому назад,время
zu zweit,вдвоем,общая лексика
"zu dritt, zu acht","втроем, в восьмером",общая лексика
mitteilen,сообщать,общая лексика
abschreiben,переписывать,общая лексика
die Kenntnis,знание,образование
die `Ausbildung,образование,образование
überzeugen,убеждать,общая лексика
auszeichnen sich,отличаться,общая лексика
der Garten -Gärten,сад,культурные мероприятия
der Band - Bände,том,общая лексика
holen,приносить,общая лексика
begapt,способный,общая лексика
die Vergangenheit,прошлое,общая лексика
betrachten,рассматривать,общая лексика
empfehlen,рекомендовать,общая лексика
erfahren,узнавать,общая лексика
letzt,последний,общая лексика
seitdem,с этих пор,время
erwarten,ожидать,общая лексика
fast,почти,общая лексика
die `Ausgabe,издание,общая лексика
fortfahren,продолжать,общая лексика
fortsetzen,продолжать,общая лексика
die Freiheit,свобода,общая лексика
der Geburtstag [-rtstak],день рождения,культурные мероприятия
der Artikel [ˌaʁˈtiːkl̩],статья,общая лексика
das Gedicht,стихотворение,общая лексика
gemeinsam,вместе,общая лексика
die Geschichte,история,общая лексика
gewiß,конечно,общая лексика
die Bedeutung,значение,общая лексика
widmen,посвящать,общая лексика
der Held,герой,общая лексика
hervorragend,выдающийся,общая лексика
jedoch,однако,общая лексика
der Kampf -Kämpfe,борьба,общая лексика
beenden,оканчивать,общая лексика
der Kampfgefährte,соратник,трудовая деятельность
erscheinen,появляться,общая лексика
das Leben,жизнь,общая лексика
leichfallen,даваться легко,общая лексика
leiten,руководить,трудовая деятельность
meinen,"думать, полагать",общая лексика
der Mitarbeiter,сотрудник,трудовая деятельность
nemand,никто,общая лексика
das Rußland,Россия,путешествия
selbstverständlich,само собой разумеется,общая лексика
selten,редкий,общая лексика
die Tätligkeit,деятельность,трудовая деятельность
übersiedeln,переселиться,переезд
der Verwandte,родственник,семья
vorhaben,намереваться сделать,общая лексика
der Weg,дорога,общая лексика
wenden sich,обращаться (к...),общая лексика
erlernen,изучать,образование
eine Sprache beherrschen,владеть языком,языки
auf dem Gebiet,в области (чего-л.),образование
Freude machen,доставлять радость,общая лексика
geschrieben stehen,быть написанным,общая лексика
auf Wunsch,по желанию,общая лексика
die Rede ist von (dat),речь идет о...,общая лексика
zur Verfügung stehen,находится в распоряжении,общая лексика
bis jetzt,до сих пор,время
müssen,должен (моральный долг),общая лексика
sollen,"должен (приказ, просьба)",общая лексика
können,"могу (способность, умение)",общая лексика
dürfen,могу (разрешение),общая лексика
wollen,хочу (твердое желание),общая лексика
mögen,хочу (хотелось бы),общая лексика
wissen,знать,общая лексика
man muß nicht,не нужно,общая лексика
man soll nicht,не следует,общая лексика
man kann nicht,невозможно,общая лексика
man darf nicht,не разрешено,общая лексика
dicke Freunder,близкие друзья,
dick,толстый,
faul,ленивый,
gelaunt,в хорошем настроении,
der Quatsch (-es),ерунда,
red keinen Quatsch,не говори глупостей,
fleißig,прилежный,
in allen Fächern,во всех областях,
traurig,грустный,
ernst,серьезный,
der Mitschüler (-),одноклассник,
klug,умный,
nett,милый,
der Musikschule (-n),музыкальная школа,
die Mathematik (-),математика,
sportlich,спортивный,
rechts,справа,
links,слева,
der Zwiling (-e),близнец,
lustig,веселый,
das Haustier,домашнее животное,
der Hunger (-),"голод, жажда",
bald,скоро,
die Ferien (pl),каникулы,
der Geburtstag (-e),день рождения,
das Fahrrad (-räder),велосипед,
das Fieber,жар,
der Kopschmerz (-en),головная боль,
der Fach (Fächer),"область, предмет",
der Herbst (-),осень,
der Winter (-),зима,
der Frühling (-),весна,
der Sommer (-),лето,
die Note (-n),оценка,
die Mitte (-),середина,
aufhaben,иметь задание,
der Block (Blöcke),блокнот,
das Kunst (-¨e),искусство,
haben Deutsch besonders gern,особенно нриавтся немецкий,
der Pinsel (-),"кисть, кисточка",
hilfsbereit,готовность помочь,
mithaben,иметь с собой,
weich,мягкий,
das Fell (-),шкура,
der Schwanz (-¨e),хвотс,
spitz,острый,
das Ohr (-en),ухо,
nett,милый,
lieb,"милый, симпатичный",
hungrig,голодный,
der Hof (-¨e),двор,
der Schneeman (-männer),снеговик,
die Lied (-er),песня,
zuhören,слушать,
das Diktat (-e),диктант,
weit,далекий,
die Ausflug (Ausflüge),экскурсия,
rennen,бежать,
faulenzen,лентяйничать,
schaukeln,качаться,
angeln,"вылавливать, ловить",
reden,говорить,
ganz Tag,целый день,
der Pilz (-e),гриб,
das Stofftier,плюшевая игрушка,
der Westen (-s),запад,
reich,богатый,
kennen noch niemanden,еще никого не знать,
anfangen,начинать,
durchlesen,прочитывать,
klicken,щелкать,
senden,отправлять,
die Kasse (-n),касса,
nochmals,еще раз,
erklaren,объяснять,
gelernen,учиться,
kapieren,понимать,
stark spanisch Akzent,сильный испанский аккцент,
sprechen niemand Spanisch,никто не говорит по испански,
versuchen,пробовать,
besser,лучший,
das Stadtzentrum (-s),центр города,
durchgehen,проходить,
die Fußbängerzone (-n),пешеходная зона,
kriegen,получать,
böse,плохой,
beide,оба,
verdienen,зарабатывать,
schicken,посылать,
der Stock (Stöcke),этаж,
worden,становиться,
die Hütte (-n),хижина,
Sieh doch hur,только посмотри,
nehmen,брать,
fressen,есть,
werfen,давать,
einladen,приглашать,
die Wette (-),спор,
um die Wette,наперегонки,
mitnehmen,брать с собой,
das Märchen (-),сказка,
laut,громкий,
der Boden (Böden),Земля,
streicheln,гладить,
nun,"отныне, теперь",
reichen,тянуть,
das Ostern (-),пасха,
die Vorspeise (-n),закуска,
das Hauptgericht (-e),основное блюдо,
das Dessert (-e),десерт,
der Elfmeter (-),пенальти,
der Fan (-s),фанат,
das Foul (-s),нарушение,
der Fusball (-bälle),футбол,
der Fußballplatz (-plätze),футбольное поле,
der Gegenspieler (-),противник,
die Halbzeit (-en),тайм,
die Mannschaft (-en),команда,
das Mittelfeld (-er),центр поля,
der Mittelstürmer (-),центральный нападающий,
das Netz (-e),сетка,
die Niederlage (-n),защита,
der Pokal (-e),кубок,
der Schiedsrichter (-),рефери,
der Sieg (-e),победа,
das Spiel (-e),игра,
der Spieler (-),игрок,
das Spielfeld (-er),игровое поле,
das Stadion (-en),стадион,
der Stürmer (-),нападающий,
das Tor (-e),ворота,
der Torwart (-:wärter),вратарь,
der Trainer (-),тренер,
die Tribüne (-n),трибуна,
die Verteidigung (-en),защита,
die Weltmeisterschaft (-en),мировой чемпионат,
berümt,известный,
der Fußbalverein,футбольный клуб,
vor allem,для всех,
spannend,"увлекательный, захватывающий",
rund um,вокруг,
beseitigen,устранять,
der Zweifel (-),сомнения,
das Dossier (-s),"досеь, дело",
dienen,служить,
landeskundlichen,краеведческие знания,
die Vertifung (-en),углубление,
sowie,а также,
erweitert,расширенный,
schlank,стройный,
ledig,холостой,
was ist los?,что случилось?,
der Mechaniker,механик,
schließen,закрывать,
das Auto (-s),автомобиль,
die Kamera (-s),(фото)камера,
der Koffer (-),чемодан,
leer,пустой,
eine Wohnung mieten,снимать квартиру,
ziemlich,достаточно,
der Herd (-e),плита,
die Badewanne (-n),ванна,
die Dusche (-n),душ,
die Waschmaschine (-n),стиральная машина,
kosten,стоить,
die Toilette (-n),туалет,
der Teller (-),тарелка,
der Zucker (--),сахар,
das Brot (-e),хлеб,
das Ei (-er),яйцо,
das Eis (--),мороженное,
das Glas (-äser),стакан,
die Gurke (-en),огурец,
die Marmelade (-en),"джем, повидло",
die Tasse (-en),чашка,
die Wurst (-e),колбаса,
fallen,падать,
lassen,оставлять,
tragen,носить,
waschen,мыть,
die Mahlzeite (-en),прием пищи,
die Mensa (-en),университетская столовая,
das Gemüse,овощи,
die Nudeln (pl),"макароны, лапша",
lecker,вкусный,
der Schinken,ветчина,
die Butter,масло,
der Ausgang (-änge),выход,
der Eingang (-änge),вход,
der Preis (-e),цена,
der Supermarkt (-ärkte),супермаркет,
das Angebot(-e),предложение,
das Getränk (-e),напиток,
das Regal (-e),"стеллаж, полка",
die Kasse (-n),касса,
die Tüte (-n),пакет,
die Ware (-n),товар,
der Liter (-),литр,
das Kilo,килограмм,
das Glas (-äser),банка (стеклянная),
das Stück(-e),кусок,
die Dose (-n),банка (металлическая),
die Packung (-en),упаковка,
die Lebensmittel,продукты,
die Liste (-n),список,
wiegen,взвешивать,
die Sorte (-n),сорт,
zum Schluss,в конце,
bezahlen,оплачивать,
packen,паковать,
der Handschuh,перчатка,
der Mantel,пальто,
der Pullover,"джемпер, пуловер",
der Rock,юбка,
der Schal,шарф,
der Schuh,ботинок,
das Hemd,рубашка,
das Kleid,платье,
die Bluse,блузка,
die Hose,штаны,
die Jacke,куртка,
die Kleidung,одежда,
dei Mütze,шапка,
die Socke,носок,
grau,серый,
braun,коричневый,
ein paar,несколько,
der Herbst (-),осень,
kühl,прохладный,
die Markenkleidung,"""брендовая"" одежда",
schick,"нарядный, изящный",
der Bart,борода,
der Kopf,голова,
der Mund,рот,
das Auge,глаз,
der Schnurrbart,усы,
das Haar,волос,
die Figur,фигура,
die Haut,кожа,
die Lippe,губка,
die Nase,нос,
schlank,стройный,
vollschlank,полный,
schmal,узкий (лицо),
dünn,узкие (губы),
schulterlang,до плеч (волосы),
lockig,кудрявые (волосы),
wellig,волнистые (волосы),
blond,светлые (волосы),
rot,рыжие (волосы),
die Verwandten,родственники,
… ist tot,... Умер,
die Rentner,пенсионер,
den Haushalt führen,вести хозяйство,
das Weihnachten,рождество,
feiern,праздновать,
die Zeit verbringen,проводить время,
die Prüfung (-en),экзамен,
die Tafel (-n),доска,
das Thema,тема,
bestehen aus,состоять из,
fehlen,отсутствовать,
Platz nehmen,"садиться, занимать место",
mündlich,устно,
schriflich,письменно,
dauern,продолжаться,
enden,заканчиваться,
der Löffel,ложка,
der Senf,горчица,
die Gabel (-n),вилка,
die Soße,соус,
die Speise,блюдо,
das Messer,нож,
das Salz,соль,
das Trinkgeld,чаевые,
bestellen,заказывать,
wüschen,желать,
nach + Dat,после,
zahlen,платить,
Stimmt so,сдачи не надо,
danken für + Akk,благодарить за,
die Rechnung,счет,
der Bahnhof,вокзал,
der Fughafen,аэропорт,
der Markt,рынок,
die Apotheke,аптека,
die Bank,банк,
die Haltestelle,остановка,
die Kirche,церковь,
die Post,почта,
das Krankenhaus,больница,
die Straßenbahn,трамвай,
die S-Bahn,городская электричка,
das Schiff,корабль,
nach dem Aufstehen,после подъема,
der Briefkasten,почтовый ящик,
aus dem Haus gehen,выходить из дома,
bei schönem Wetter,в хорошую погоду,
checken,проверять (эл. Почту),
leihen,брать взаймы,
meiden,избегать,
scheiden,"разделять, разводить",
schreien,кричать,
schweigen,молчать,
verzeihen,прощать,
weisen,указывать,
beißen,кусать,
gleIchen,быть похожим,
gleiten,скользить,
greifen,"хватать, браться",
leiden,страдать,
pfeifen,свистеть,
reiten,ездить верхом,
reißen,рвать,
schneiden,резать,
schreiten,"шагать, шествовать",
streichen,"красить, намазывать",
streiten,спорить,
Krieg führen,вести войну,
Land regieren,управлять страной,
weniger Stahl,меньше стали,
noch Kohle,еще уголь,
Krise erleben,переживать кризис,
wissenschaftlich Labor,научная лаборатория,
Museen schaffen,создавать музеи,
das undenkbar,это невообразимо,
der Bergbau,горное дело,
under die Erde gehen,спускатсья под землю,
der Maschinenlärm,машинный зал,
das Wrack,остаток,
gehören zu,входить в,
hübsch,красивый,
irgenwie gefällt er mir nicht,мне он как-то не равится,
sicher,раверняка,
der Spiegel,зеркало,
die Sendungen im Fensehen,передача по телевизору,
beim Schreiben,при письмо,
der Körper,тело,
die Hose,брюки,
der Stiefel,сапог,
nich wahr,не так ли?,
erwidern,отвечать,
viel Spaß,приятно проводить время,
die stillen Straßen,спокойные улицы,
biegen,"гнуть, изгибать",
bieten,предлагать,
fliegen,летать,
fliehen,убегать,
fließen,течь,
frieren,мерзнуть,
gießen,лить,
genießen,наслаждаться,
kriechen,"ползать, ползти",
riechen,"нюхать, пахнуть",
schieben,двигать,
schießen,стрелять,
schließen,закрывать,
verlieren,"терять, проигрывать",
wiegen,"взвешивать, весить",
ziehen,тянуть,
binden,завязывать,
dringen,"настаивать, требовать",
finden,найти,
gelingen,удаваться,
klingen,звучать,
singen,петь,
sinken,погружаться,
springen,прыгать,
trinken,пить,
verschwinden,исчезать,
zwingen,принуждать,
beginnen,начинать,
gewinnen,"вигрывать, добывать",
schwimmen,плавать,
der Bezirk,район,
der Fahrradweg,велосипедная дорожка,
der Fußweg,тротуар,
der Stadtplan,"план, карта города",
die Ampfel,светофор,
die Brücke,мост,
die Kreuzung,перекресток,
die Linie,"линия, маршрут транспорта",
die Richtung,направление,
die Seite,сторона,
das Rathaus,ратуша,
das Schloss,замок,
das Ticket,билет,
das Tor,ворота,
geradeaus,прямо,
auf der linken Seite,на левой стороне,
nicht weit,не далеко,
die erste Straße rechts,первая улица направо,
schließen ,закрывать,
leise,тихий,
